ejection_fraction;serum_creatinine;time;anaemia;DEATH_EVENT
0.09090909090909094;0.15730337078651682;0.0;False;True
0.36363636363636365;0.06741573033707865;0.007117437722419961;False;True
0.09090909090909094;0.08988764044943819;0.010676156583629859;False;True
0.09090909090909094;0.15730337078651682;0.010676156583629859;True;True
0.09090909090909094;0.24719101123595502;0.014234875444839867;True;True
0.393939393939394;0.1797752808988764;0.014234875444839867;True;True
0.015151515151515194;0.07865168539325841;0.021352313167259773;True;True
0.696969696969697;0.06741573033707865;0.021352313167259773;True;True
0.7727272727272727;0.11235955056179774;0.021352313167259773;False;True
0.31818181818181823;0.9999999999999999;0.021352313167259773;True;True
0.36363636363636365;0.3932584269662921;0.021352313167259773;True;True
0.24242424242424246;0.06741573033707865;0.02491103202846978;True;True
0.36363636363636365;0.06741573033707865;0.02491103202846978;True;True
0.24242424242424246;0.05617977528089887;0.02846975088967968;True;False
0.5454545454545454;0.08988764044943819;0.03202846975088969;True;True
0.36363636363636365;0.044943820224719086;0.03558718861209964;True;True
0.0;0.033707865168539325;0.03558718861209964;False;True
0.16666666666666669;0.05617977528089887;0.03914590747330965;True;True
0.6212121212121212;0.15730337078651682;0.03914590747330965;True;True
0.16666666666666669;0.08988764044943819;0.0427046263345196;True;False
0.24242424242424246;0.12359550561797752;0.05693950177935947;True;True
0.31818181818181823;0.044943820224719086;0.05693950177935947;True;True
0.696969696969697;0.033707865168539325;0.06405693950177932;False;False
0.24242424242424246;0.149438202247191;0.06761565836298933;False;True
0.36363636363636365;0.15730337078651682;0.06761565836298933;False;True
0.393939393939394;0.05617977528089887;0.07117437722419928;True;True
0.4696969696969697;0.08988764044943819;0.07829181494661919;False;True
0.36363636363636365;0.595505617977528;0.07829181494661919;True;True
0.24242424242424246;0.07865168539325841;0.07829181494661919;False;True
0.36363636363636365;0.149438202247191;0.0818505338078292;False;True
0.4696969696969697;0.28089887640449435;0.08540925266903915;False;True
0.31818181818181823;0.05617977528089887;0.08540925266903915;True;True
0.24242424242424246;0.07865168539325841;0.0889679715302491;True;False
0.5454545454545454;0.05617977528089887;0.0889679715302491;False;True
0.31818181818181823;0.33707865168539325;0.09252669039145911;False;True
0.5454545454545454;0.05617977528089887;0.09252669039145911;True;True
0.5454545454545454;0.05617977528089887;0.09252669039145911;True;True
0.24242424242424246;0.2022471910112359;0.09252669039145911;False;False
0.09090909090909094;0.149438202247191;0.09608540925266901;False;True
0.24242424242424246;0.07865168539325841;0.09964412811387902;False;True
0.4696969696969697;0.07865168539325841;0.10320284697508897;False;True
0.5454545454545454;0.05617977528089887;0.10320284697508897;False;False
0.696969696969697;0.06741573033707865;0.10320284697508897;True;True
0.36363636363636365;0.15730337078651682;0.11032028469750893;False;True
0.16666666666666669;0.044943820224719086;0.12099644128113879;False;True
0.36363636363636365;0.011235955056179761;0.12811387900355875;False;True
0.09090909090909094;0.4382022471910112;0.1316725978647687;True;True
0.16666666666666669;0.05617977528089887;0.1387900355871886;True;True
0.09090909090909094;0.10112359550561795;0.1387900355871886;True;True
0.7272727272727273;0.7078651685393258;0.1387900355871886;False;True
0.5454545454545454;0.05617977528089887;0.14234875444839862;True;True
0.36363636363636365;0.19101123595505617;0.14590747330960857;True;True
0.24242424242424246;0.1685393258426966;0.16370106761565834;True;True
0.31818181818181823;0.24719101123595502;0.17793594306049826;True;False
0.393939393939394;0.011235955056179761;0.17793594306049826;True;False
0.09090909090909094;0.08988764044943819;0.19572953736654808;False;True
0.16666666666666669;0.05617977528089887;0.19928825622775803;False;True
0.393939393939394;0.2022471910112359;0.19928825622775803;False;True
0.31818181818181823;0.06741573033707865;0.19928825622775803;False;False
0.31818181818181823;0.05617977528089887;0.20284697508896798;False;True
1.0;0.07640449438202246;0.20996441281138795;False;False
0.09090909090909094;0.2696629213483146;0.2135231316725979;False;True
0.015151515151515194;0.08988764044943819;0.21708185053380785;True;True
0.16666666666666669;0.05617977528089887;0.21708185053380785;True;True
0.16666666666666669;0.07865168539325841;0.2206405693950178;False;True
0.16666666666666669;0.149438202247191;0.22419928825622779;False;True
0.393939393939394;0.033707865168539325;0.22775800711743777;False;False
0.31818181818181823;0.044943820224719086;0.23843416370106763;False;False
0.5454545454545454;0.08988764044943819;0.2419928825622776;False;False
0.09090909090909094;0.07865168539325841;0.24555160142348756;False;True
0.09090909090909094;0.022471910112359536;0.24555160142348756;True;True
0.696969696969697;0.033707865168539325;0.24911032028469754;False;False
0.393939393939394;0.07865168539325841;0.24911032028469754;False;False
0.36363636363636365;0.011235955056179761;0.24911032028469754;True;False
0.4696969696969697;0.044943820224719086;0.24911032028469754;False;False
0.5454545454545454;0.07640449438202246;0.2562277580071175;False;False
0.16666666666666669;0.22471910112359547;0.25978647686832745;True;True
0.5454545454545454;0.14606741573033705;0.2633451957295374;True;False
0.16666666666666669;0.05617977528089887;0.2633451957295374;True;True
0.5454545454545454;0.022471910112359536;0.26690391459074736;False;False
0.31818181818181823;0.06741573033707865;0.26690391459074736;False;False
0.696969696969697;0.033707865168539325;0.26690391459074736;True;False
0.393939393939394;0.022471910112359536;0.26690391459074736;False;False
0.16666666666666669;0.06741573033707865;0.26690391459074736;True;False
0.4696969696969697;0.033707865168539325;0.2704626334519573;False;False
0.4696969696969697;0.05617977528089887;0.2704626334519573;False;False
0.696969696969697;0.07640449438202246;0.2775800711743773;False;False
0.16666666666666669;0.13483146067415727;0.2775800711743773;True;True
0.696969696969697;0.05617977528089887;0.2811387900355872;True;False
0.16666666666666669;0.08988764044943819;0.2811387900355872;True;False
0.696969696969697;0.06741573033707865;0.28825622775800713;True;False
0.16666666666666669;0.07865168539325841;0.28825622775800713;True;False
0.393939393939394;0.06741573033707865;0.29181494661921714;True;False
0.16666666666666669;0.06741573033707865;0.2953736654804271;True;False
0.16666666666666669;0.06741573033707865;0.2953736654804271;False;False
0.24242424242424246;0.05617977528089887;0.2953736654804271;False;False
0.5454545454545454;0.2022471910112359;0.2953736654804271;False;False
0.24242424242424246;0.13483146067415727;0.29893238434163705;True;True
0.4696969696969697;0.08988764044943819;0.29893238434163705;False;False
0.31818181818181823;0.044943820224719086;0.29893238434163705;True;False
0.36363636363636365;0.06741573033707865;0.29893238434163705;False;False
0.31818181818181823;0.08988764044943819;0.29893238434163705;False;False
0.31818181818181823;0.07865168539325841;0.30604982206405695;False;False
0.16666666666666669;0.12359550561797752;0.30604982206405695;False;False
0.696969696969697;0.08988764044943819;0.30604982206405695;True;True
0.393939393939394;0.07865168539325841;0.3096085409252669;True;False
0.393939393939394;0.05617977528089887;0.3096085409252669;True;False
0.696969696969697;0.022471910112359536;0.3202846975088968;True;False
0.696969696969697;0.3033707865168539;0.3202846975088968;True;False
0.696969696969697;0.044943820224719086;0.3202846975088968;True;False
0.36363636363636365;0.149438202247191;0.32384341637010683;False;True
0.696969696969697;0.11235955056179774;0.32384341637010683;True;False
0.36363636363636365;0.05617977528089887;0.32384341637010683;True;False
0.36363636363636365;0.028089887640449424;0.32384341637010683;False;False
0.393939393939394;0.3595505617977528;0.3274021352313168;False;True
0.5454545454545454;0.08988764044943819;0.33096085409252674;True;False
0.04545454545454547;0.1797752808988764;0.34163701067615665;False;True
0.696969696969697;0.033707865168539325;0.3558718861209965;True;False
0.24242424242424246;0.022471910112359536;0.3558718861209965;False;False
0.31818181818181823;0.3258426966292134;0.35943060498220647;True;False
0.696969696969697;0.022471910112359536;0.3629893238434164;True;False
0.4696969696969697;0.6292134831460673;0.3665480427046264;True;False
0.393939393939394;0.07640449438202246;0.3665480427046264;False;False
0.696969696969697;0.08988764044943819;0.3665480427046264;False;False
0.31818181818181823;0.07640449438202246;0.3665480427046264;False;False
0.393939393939394;0.07640449438202246;0.3665480427046264;False;False
0.16666666666666669;0.1797752808988764;0.37010676156583633;True;False
0.31818181818181823;0.05617977528089887;0.37010676156583633;False;False
0.24242424242424246;0.033707865168539325;0.37010676156583633;False;False
0.36363636363636365;0.06741573033707865;0.3736654804270463;False;True
0.31818181818181823;0.044943820224719086;0.3736654804270463;True;False
0.24242424242424246;0.044943820224719086;0.3736654804270463;False;False
0.393939393939394;0.044943820224719086;0.3772241992882563;True;False
0.16666666666666669;0.13483146067415727;0.38078291814946624;True;True
0.24242424242424246;0.022471910112359536;0.3843416370106762;False;False
0.24242424242424246;0.022471910112359536;0.3843416370106762;False;False
0.696969696969697;0.05617977528089887;0.38790035587188615;False;False
0.24242424242424246;0.149438202247191;0.38790035587188615;True;True
0.31818181818181823;0.044943820224719086;0.3950177935943061;False;False
0.4696969696969697;0.22471910112359547;0.3950177935943061;False;True
0.696969696969697;0.044943820224719086;0.402135231316726;False;False
0.4696969696969697;0.044943820224719086;0.40569395017793597;False;False
0.31818181818181823;0.07640449438202246;0.409252669039146;False;False
0.31818181818181823;0.033707865168539325;0.41281138790035593;True;False
0.16666666666666669;0.13483146067415727;0.41281138790035593;True;False
0.31818181818181823;0.10112359550561795;0.41281138790035593;True;False
0.16666666666666669;0.05617977528089887;0.41281138790035593;False;False
0.5454545454545454;0.08988764044943819;0.4163701067615659;True;False
0.4696969696969697;0.06741573033707865;0.4163701067615659;True;False
0.31818181818181823;0.033707865168539325;0.4163701067615659;True;False
0.393939393939394;0.044943820224719086;0.42348754448398584;True;False
0.36363636363636365;0.08988764044943819;0.44839857651245557;False;True
0.696969696969697;0.022471910112359536;0.46263345195729544;False;False
0.09090909090909094;0.2134831460674157;0.4661921708185054;False;True
0.393939393939394;0.05617977528089887;0.4839857651245552;False;False
0.31818181818181823;0.11235955056179774;0.501779359430605;True;False
0.696969696969697;0.06741573033707865;0.505338078291815;True;False
0.09090909090909094;0.033707865168539325;0.505338078291815;True;False
0.31818181818181823;0.044943820224719086;0.505338078291815;False;False
0.696969696969697;0.05617977528089887;0.505338078291815;True;False
0.393939393939394;0.05617977528089887;0.5088967971530249;False;False
0.5454545454545454;0.05617977528089887;0.5088967971530249;True;False
0.696969696969697;0.07865168539325841;0.5088967971530249;True;False
0.393939393939394;0.022471910112359536;0.5088967971530249;False;False
0.24242424242424246;0.044943820224719086;0.512455516014235;False;False
0.16666666666666669;0.07865168539325841;0.5338078291814947;False;True
0.16666666666666669;0.07865168539325841;0.5907473309608542;True;True
0.24242424242424246;0.11235955056179774;0.5943060498220641;True;True
0.5454545454545454;0.011235955056179761;0.5978647686832741;False;True
0.16666666666666669;0.1797752808988764;0.5978647686832741;False;True
0.393939393939394;0.05617977528089887;0.5978647686832741;True;False
0.31818181818181823;0.1797752808988764;0.604982206405694;False;False
0.696969696969697;0.11235955056179774;0.604982206405694;True;False
0.393939393939394;0.022471910112359536;0.608540925266904;True;False
0.09090909090909094;0.12359550561797752;0.6263345195729538;False;True
0.4696969696969697;0.14606741573033705;0.6263345195729538;True;True
0.36363636363636365;0.07640449438202246;0.6441281138790036;False;False
0.24242424242424246;0.033707865168539325;0.6476868327402137;False;False
0.09090909090909094;0.05617977528089887;0.6476868327402137;True;False
0.31818181818181823;0.14606741573033705;0.6476868327402137;False;False
0.4696969696969697;0.022471910112359536;0.6476868327402137;True;False
0.696969696969697;0.05617977528089887;0.6476868327402137;False;False
0.696969696969697;0.044943820224719086;0.6476868327402137;False;False
0.16666666666666669;0.33707865168539325;0.6512455516014235;False;False
0.393939393939394;0.022471910112359536;0.6512455516014235;True;False
0.4696969696969697;0.05617977528089887;0.6512455516014235;True;False
0.393939393939394;0.033707865168539325;0.6512455516014235;True;False
0.393939393939394;0.05617977528089887;0.6512455516014235;True;False
0.31818181818181823;0.033707865168539325;0.6512455516014235;False;False
0.04545454545454547;0.05617977528089887;0.6548042704626336;False;False
0.7272727272727273;0.033707865168539325;0.6690391459074734;False;False
0.5454545454545454;0.10112359550561795;0.6690391459074734;False;False
0.24242424242424246;0.12359550561797752;0.6725978647686834;True;True
0.31818181818181823;0.033707865168539325;0.6761565836298933;True;False
0.31818181818181823;0.08988764044943819;0.6797153024911033;False;False
0.5454545454545454;0.044943820224719086;0.6832740213523132;False;False
0.8484848484848485;0.9550561797752809;0.6832740213523132;True;True
0.31818181818181823;0.06741573033707865;0.6868327402135233;True;False
0.31818181818181823;0.022471910112359536;0.6868327402135233;False;False
0.09090909090909094;0.149438202247191;0.6903914590747332;False;True
0.31818181818181823;0.06741573033707865;0.7010676156583631;True;False
0.16666666666666669;0.033707865168539325;0.7010676156583631;False;False
0.696969696969697;0.10112359550561795;0.7153024911032029;False;False
0.16666666666666669;0.08988764044943819;0.7153024911032029;True;False
0.31818181818181823;0.05617977528089887;0.7188612099644129;True;False
0.16666666666666669;0.07865168539325841;0.7224199288256229;False;False
0.24242424242424246;0.13483146067415727;0.7224199288256229;False;True
0.31818181818181823;0.06741573033707865;0.7259786476868328;False;False
0.31818181818181823;0.044943820224719086;0.7295373665480429;True;False
0.36363636363636365;0.10112359550561795;0.7295373665480429;True;False
0.4696969696969697;0.06741573033707865;0.7295373665480429;True;False
0.5454545454545454;0.06741573033707865;0.7295373665480429;True;False
0.5454545454545454;0.06741573033707865;0.7295373665480429;False;False
0.24242424242424246;0.07865168539325841;0.7330960854092528;False;False
0.4696969696969697;0.07640449438202246;0.7366548042704627;True;False
0.31818181818181823;0.08988764044943819;0.7402135231316727;False;False
0.24242424242424246;0.08988764044943819;0.7402135231316727;False;False
0.31818181818181823;0.06741573033707865;0.7402135231316727;False;False
0.393939393939394;0.044943820224719086;0.7437722419928827;True;False
0.36363636363636365;0.14606741573033705;0.7437722419928827;False;False
0.36363636363636365;0.10112359550561795;0.7437722419928827;True;False
0.16666666666666669;0.06741573033707865;0.7473309608540927;False;True
0.16666666666666669;0.2134831460674157;0.7473309608540927;False;False
0.31818181818181823;0.05617977528089887;0.7473309608540927;False;False
0.393939393939394;0.07865168539325841;0.7473309608540927;False;False
0.24242424242424246;0.0;0.7473309608540927;False;False
0.31818181818181823;0.033707865168539325;0.7508896797153026;False;False
0.4696969696969697;0.05617977528089887;0.7508896797153026;False;False
0.696969696969697;0.05617977528089887;0.7508896797153026;True;False
0.24242424242424246;0.05617977528089887;0.7544483985765125;True;False
0.36363636363636365;0.13483146067415727;0.7686832740213524;False;False
0.36363636363636365;0.05617977528089887;0.804270462633452;False;False
0.16666666666666669;0.033707865168539325;0.804270462633452;True;False
0.5454545454545454;0.022471910112359536;0.8078291814946621;False;False
0.393939393939394;0.05617977528089887;0.814946619217082;False;False
0.393939393939394;0.022471910112359536;0.814946619217082;True;False
0.16666666666666669;0.10112359550561795;0.8220640569395019;True;True
0.696969696969697;0.05617977528089887;0.8291814946619218;True;False
0.36363636363636365;0.07865168539325841;0.8291814946619218;False;False
0.31818181818181823;0.044943820224719086;0.8398576512455518;True;False
0.09090909090909094;0.149438202247191;0.8434163701067616;False;True
0.36363636363636365;0.13483146067415727;0.8540925266903916;True;False
0.36363636363636365;0.044943820224719086;0.8540925266903916;False;False
0.31818181818181823;0.05617977528089887;0.8540925266903916;False;False
0.24242424242424246;0.12359550561797752;0.8540925266903916;False;False
0.393939393939394;0.044943820224719086;0.8540925266903916;False;False
0.36363636363636365;0.07865168539325841;0.8576512455516015;False;False
0.393939393939394;0.022471910112359536;0.8576512455516015;False;False
0.24242424242424246;0.05617977528089887;0.8576512455516015;True;False
0.36363636363636365;0.033707865168539325;0.8576512455516015;False;False
0.31818181818181823;0.06741573033707865;0.8576512455516015;False;False
0.36363636363636365;0.06741573033707865;0.8612099644128115;False;False
0.24242424242424246;0.022471910112359536;0.8612099644128115;True;False
0.36363636363636365;0.08988764044943819;0.8612099644128115;False;False
0.393939393939394;0.05617977528089887;0.8647686832740216;False;False
0.36363636363636365;0.06741573033707865;0.8754448398576513;False;False
0.393939393939394;0.033707865168539325;0.8754448398576513;True;False
0.393939393939394;0.07865168539325841;0.8754448398576513;True;False
0.31818181818181823;0.13483146067415727;0.8754448398576513;False;False
0.6212121212121212;0.05617977528089887;0.8754448398576513;False;False
0.36363636363636365;0.044943820224719086;0.8967971530249111;True;False
0.6212121212121212;0.033707865168539325;0.9003558718861211;False;False
0.31818181818181823;0.10112359550561795;0.903914590747331;False;False
0.36363636363636365;0.05617977528089887;0.903914590747331;False;False
0.31818181818181823;0.044943820224719086;0.9466192170818506;True;False
0.36363636363636365;0.06741573033707865;0.9466192170818506;False;False
0.36363636363636365;0.07865168539325841;0.9501779359430607;False;False
0.696969696969697;0.033707865168539325;0.9750889679715303;False;False
0.4696969696969697;0.12359550561797752;1.0;False;False
